[
    {
        "id": 8683,
        "name": "Вава",
        "surname": null,
        "patronym": null,
        "birthday_at": "2011-01-01 00:00:00",
        "died_at": "2011-01-01 00:00:00",
        "epitaph": "вап",
        "author_epitaph": null,
        "video_links": null,
        "external_links": null,
        "published_page": true,
        "accessible_by_password": false,
        "access_password": null,
        "user_id": 1,
        "master_id": null,
        "page_type_id": 2,
        "created_at": "2024-03-07T12:19:12.000000Z",
        "updated_at": "2024-03-26T10:22:37.000000Z",
        "deleted_at": null,
        "slug": 81617281,
        "burial_id": null,
        "price": null,
        "commission": null,
        "video_images": null,
        "payment_id": null,
        "blank_id": null,
        "is_blank": false,
        "is_vip": false,
        "views": 2,
        "visitors": 1,
        "lead_id": 37096861,
        "index_page": false,
        "filled_fields": [
            "epitaph"
        ],
        "position": null,
        "is_referral": false,
        "banner_enabled": true,
        "locale": "ru",
        "was_indexed": false,
        "qr_hidden": false,
        "historical_status_id": 1,
        "count_filled_fields": 1,
        "parent_tree_id": null,
        "custom_birthday_at": null,
        "custom_died_at": null,
        "main_image": null,
        "start": {
            "day": "01",
            "month": "01",
            "year": 2011
        },
        "end": {
            "day": "01",
            "month": "01",
            "year": 2011
        },
        "lastName": null,
        "firstName": "Вава",
        "link": "https:\/\/mc.dev.rand.agency\/page\/81617281",
        "free_access": true,
        "full_name": " Вава ",
        "burial_place": false,
        "page_type_name": "pageType.short",
        "count_fields": 3,
        "media": []
    },
    {
        "id": 8616,
        "name": "вап",
        "surname": null,
        "patronym": null,
        "birthday_at": "2017-06-07 00:00:00",
        "died_at": "2023-06-07 00:00:00",
        "epitaph": "вап",
        "author_epitaph": null,
        "video_links": null,
        "external_links": null,
        "published_page": true,
        "accessible_by_password": false,
        "access_password": null,
        "user_id": 1,
        "master_id": null,
        "page_type_id": 2,
        "created_at": "2023-12-28T06:52:10.000000Z",
        "updated_at": "2023-12-28T06:52:15.000000Z",
        "deleted_at": null,
        "slug": 96551172,
        "burial_id": null,
        "price": null,
        "commission": null,
        "video_images": null,
        "payment_id": null,
        "blank_id": null,
        "is_blank": false,
        "is_vip": false,
        "views": 0,
        "visitors": 0,
        "lead_id": 36607227,
        "index_page": false,
        "filled_fields": [
            "epitaph"
        ],
        "position": null,
        "is_referral": false,
        "banner_enabled": true,
        "locale": "ru",
        "was_indexed": false,
        "qr_hidden": false,
        "historical_status_id": 1,
        "count_filled_fields": 1,
        "parent_tree_id": null,
        "custom_birthday_at": null,
        "custom_died_at": null,
        "main_image": null,
        "start": {
            "day": "07",
            "month": "06",
            "year": 2017
        },
        "end": {
            "day": "07",
            "month": "06",
            "year": 2023
        },
        "lastName": null,
        "firstName": "вап",
        "link": "https:\/\/mc.dev.rand.agency\/page\/96551172",
        "free_access": true,
        "full_name": " вап ",
        "burial_place": false,
        "page_type_name": "pageType.short",
        "count_fields": 3,
        "media": []
    },
    {
        "id": 7900,
        "name": "Ntcnjds sdfdsfdsf",
        "surname": null,
        "patronym": null,
        "birthday_at": "2015-07-06 00:00:00",
        "died_at": "2022-01-02 00:00:00",
        "epitaph": "test",
        "author_epitaph": null,
        "video_links": null,
        "external_links": null,
        "published_page": true,
        "accessible_by_password": false,
        "access_password": null,
        "user_id": 1,
        "master_id": null,
        "page_type_id": 1,
        "created_at": "2022-05-30T08:18:07.000000Z",
        "updated_at": "2023-08-25T16:07:26.000000Z",
        "deleted_at": null,
        "slug": 63550591,
        "burial_id": null,
        "price": null,
        "commission": null,
        "video_images": null,
        "payment_id": null,
        "blank_id": null,
        "is_blank": false,
        "is_vip": false,
        "views": 1,
        "visitors": 1,
        "lead_id": 31663819,
        "index_page": false,
        "filled_fields": [
            "epitaph"
        ],
        "position": null,
        "is_referral": false,
        "banner_enabled": true,
        "locale": "ru",
        "was_indexed": false,
        "qr_hidden": false,
        "historical_status_id": 1,
        "count_filled_fields": 1,
        "parent_tree_id": null,
        "custom_birthday_at": null,
        "custom_died_at": null,
        "main_image": null,
        "start": {
            "day": "06",
            "month": "07",
            "year": 2015
        },
        "end": {
            "day": "02",
            "month": "01",
            "year": 2022
        },
        "lastName": "sdfdsfdsf",
        "firstName": "Ntcnjds",
        "link": "https:\/\/mc.dev.rand.agency\/page\/63550591",
        "free_access": true,
        "full_name": " Ntcnjds sdfdsfdsf ",
        "burial_place": false,
        "page_type_name": "pageType.full",
        "count_fields": 10,
        "media": []
    },
    {
        "id": 6558,
        "name": "13123",
        "surname": null,
        "patronym": null,
        "birthday_at": "1996-02-02 00:00:00",
        "died_at": "2022-02-02 00:00:00",
        "epitaph": "123123",
        "author_epitaph": "123",
        "video_links": null,
        "external_links": null,
        "published_page": true,
        "accessible_by_password": false,
        "access_password": null,
        "user_id": 1,
        "master_id": null,
        "page_type_id": 1,
        "created_at": "2022-02-03T13:41:52.000000Z",
        "updated_at": "2023-08-25T16:07:20.000000Z",
        "deleted_at": null,
        "slug": 74188631,
        "burial_id": null,
        "price": null,
        "commission": null,
        "video_images": null,
        "payment_id": null,
        "blank_id": null,
        "is_blank": false,
        "is_vip": false,
        "views": 0,
        "visitors": 0,
        "lead_id": 30740713,
        "index_page": false,
        "filled_fields": [
            "epitaph"
        ],
        "position": null,
        "is_referral": false,
        "banner_enabled": true,
        "locale": "ru",
        "was_indexed": false,
        "qr_hidden": false,
        "historical_status_id": 1,
        "count_filled_fields": 1,
        "parent_tree_id": null,
        "custom_birthday_at": null,
        "custom_died_at": null,
        "main_image": null,
        "start": {
            "day": "02",
            "month": "02",
            "year": 1996
        },
        "end": {
            "day": "02",
            "month": "02",
            "year": 2022
        },
        "lastName": null,
        "firstName": "13123",
        "link": "https:\/\/mc.dev.rand.agency\/page\/74188631",
        "free_access": true,
        "full_name": " 13123 ",
        "burial_place": false,
        "page_type_name": "pageType.full",
        "count_fields": 10,
        "media": []
    },
    {
        "id": 6537,
        "name": "тест от лица админа",
        "surname": null,
        "patronym": null,
        "birthday_at": "1996-03-02 00:00:00",
        "died_at": "2022-04-03 00:00:00",
        "epitaph": "фыв",
        "author_epitaph": null,
        "video_links": null,
        "external_links": null,
        "published_page": true,
        "accessible_by_password": false,
        "access_password": null,
        "user_id": 1,
        "master_id": null,
        "page_type_id": 1,
        "created_at": "2022-01-26T12:09:23.000000Z",
        "updated_at": "2023-08-25T16:07:20.000000Z",
        "deleted_at": null,
        "slug": 21963018,
        "burial_id": null,
        "price": null,
        "commission": null,
        "video_images": null,
        "payment_id": null,
        "blank_id": null,
        "is_blank": false,
        "is_vip": false,
        "views": 1,
        "visitors": 1,
        "lead_id": 30669699,
        "index_page": false,
        "filled_fields": [
            "epitaph"
        ],
        "position": null,
        "is_referral": false,
        "banner_enabled": true,
        "locale": "ru",
        "was_indexed": false,
        "qr_hidden": false,
        "historical_status_id": 1,
        "count_filled_fields": 1,
        "parent_tree_id": null,
        "custom_birthday_at": null,
        "custom_died_at": null,
        "main_image": null,
        "start": {
            "day": "02",
            "month": "03",
            "year": 1996
        },
        "end": {
            "day": "03",
            "month": "04",
            "year": 2022
        },
        "lastName": "от лица",
        "firstName": "тест",
        "link": "https:\/\/mc.dev.rand.agency\/page\/21963018",
        "free_access": true,
        "full_name": " тест от лица админа ",
        "burial_place": false,
        "page_type_name": "pageType.full",
        "count_fields": 10,
        "media": []
    },
    {
        "id": 6536,
        "name": "ыфв",
        "surname": null,
        "patronym": null,
        "birthday_at": "2018-05-04 00:00:00",
        "died_at": "2022-05-04 00:00:00",
        "epitaph": "фывфыв",
        "author_epitaph": "фыв",
        "video_links": null,
        "external_links": null,
        "published_page": true,
        "accessible_by_password": false,
        "access_password": null,
        "user_id": 1,
        "master_id": null,
        "page_type_id": 1,
        "created_at": "2022-01-26T12:08:07.000000Z",
        "updated_at": "2023-08-25T16:07:20.000000Z",
        "deleted_at": null,
        "slug": 84324917,
        "burial_id": null,
        "price": null,
        "commission": null,
        "video_images": null,
        "payment_id": null,
        "blank_id": null,
        "is_blank": false,
        "is_vip": false,
        "views": 0,
        "visitors": 0,
        "lead_id": 30669687,
        "index_page": false,
        "filled_fields": [
            "epitaph"
        ],
        "position": null,
        "is_referral": false,
        "banner_enabled": true,
        "locale": "ru",
        "was_indexed": false,
        "qr_hidden": false,
        "historical_status_id": 1,
        "count_filled_fields": 1,
        "parent_tree_id": null,
        "custom_birthday_at": null,
        "custom_died_at": null,
        "main_image": null,
        "start": {
            "day": "04",
            "month": "05",
            "year": 2018
        },
        "end": {
            "day": "04",
            "month": "05",
            "year": 2022
        },
        "lastName": null,
        "firstName": "ыфв",
        "link": "https:\/\/mc.dev.rand.agency\/page\/84324917",
        "free_access": true,
        "full_name": " ыфв ",
        "burial_place": false,
        "page_type_name": "pageType.full",
        "count_fields": 10,
        "media": []
    },
    {
        "id": 6397,
        "name": "test1605",
        "surname": null,
        "patronym": null,
        "birthday_at": "2022-01-01 00:00:00",
        "died_at": "2022-01-01 00:00:00",
        "epitaph": "test1605",
        "author_epitaph": null,
        "video_links": null,
        "external_links": null,
        "published_page": true,
        "accessible_by_password": false,
        "access_password": null,
        "user_id": 1,
        "master_id": null,
        "page_type_id": 1,
        "created_at": "2022-01-17T13:05:55.000000Z",
        "updated_at": "2023-08-25T16:07:19.000000Z",
        "deleted_at": null,
        "slug": 89861603,
        "burial_id": null,
        "price": null,
        "commission": null,
        "video_images": null,
        "payment_id": null,
        "blank_id": null,
        "is_blank": false,
        "is_vip": false,
        "views": 0,
        "visitors": 0,
        "lead_id": 30596859,
        "index_page": false,
        "filled_fields": [
            "epitaph"
        ],
        "position": null,
        "is_referral": false,
        "banner_enabled": true,
        "locale": "ru",
        "was_indexed": false,
        "qr_hidden": false,
        "historical_status_id": 1,
        "count_filled_fields": 1,
        "parent_tree_id": null,
        "custom_birthday_at": null,
        "custom_died_at": null,
        "main_image": null,
        "start": {
            "day": "01",
            "month": "01",
            "year": 2022
        },
        "end": {
            "day": "01",
            "month": "01",
            "year": 2022
        },
        "lastName": null,
        "firstName": "test1605",
        "link": "https:\/\/mc.dev.rand.agency\/page\/89861603",
        "free_access": true,
        "full_name": " test1605 ",
        "burial_place": false,
        "page_type_name": "pageType.full",
        "count_fields": 10,
        "media": []
    },
    {
        "id": 6342,
        "name": "тестирование андрей",
        "surname": null,
        "patronym": null,
        "birthday_at": "1993-07-23 00:00:00",
        "died_at": "2022-01-18 00:00:00",
        "epitaph": "тести",
        "author_epitaph": "сам",
        "video_links": null,
        "external_links": null,
        "published_page": true,
        "accessible_by_password": false,
        "access_password": null,
        "user_id": 1,
        "master_id": null,
        "page_type_id": 2,
        "created_at": "2022-01-11T06:56:59.000000Z",
        "updated_at": "2023-08-25T16:07:19.000000Z",
        "deleted_at": null,
        "slug": 50140708,
        "burial_id": null,
        "price": null,
        "commission": null,
        "video_images": null,
        "payment_id": null,
        "blank_id": null,
        "is_blank": false,
        "is_vip": false,
        "views": 2,
        "visitors": 1,
        "lead_id": 30541189,
        "index_page": false,
        "filled_fields": [
            "epitaph"
        ],
        "position": null,
        "is_referral": false,
        "banner_enabled": true,
        "locale": "ru",
        "was_indexed": false,
        "qr_hidden": false,
        "historical_status_id": 1,
        "count_filled_fields": 1,
        "parent_tree_id": null,
        "custom_birthday_at": null,
        "custom_died_at": null,
        "main_image": null,
        "start": {
            "day": "23",
            "month": "07",
            "year": 1993
        },
        "end": {
            "day": "18",
            "month": "01",
            "year": 2022
        },
        "lastName": "андрей",
        "firstName": "тестирование",
        "link": "https:\/\/mc.dev.rand.agency\/page\/50140708",
        "free_access": true,
        "full_name": " тестирование андрей ",
        "burial_place": false,
        "page_type_name": "pageType.short",
        "count_fields": 3,
        "media": []
    },
    {
        "id": 56,
        "name": "Василий Иванович Нестеренко",
        "surname": null,
        "patronym": null,
        "birthday_at": "1993-01-06 00:00:00",
        "died_at": "2020-02-01 00:00:00",
        "epitaph": "Краткая эпитафия",
        "author_epitaph": null,
        "video_links": null,
        "external_links": null,
        "published_page": true,
        "accessible_by_password": false,
        "access_password": null,
        "user_id": 1,
        "master_id": null,
        "page_type_id": 2,
        "created_at": "2021-08-05T06:09:45.000000Z",
        "updated_at": "2023-08-25T16:06:28.000000Z",
        "deleted_at": null,
        "slug": 48856577,
        "burial_id": null,
        "price": null,
        "commission": null,
        "video_images": null,
        "payment_id": null,
        "blank_id": null,
        "is_blank": false,
        "is_vip": false,
        "views": 1,
        "visitors": 1,
        "lead_id": 27759185,
        "index_page": false,
        "filled_fields": [
            "epitaph"
        ],
        "position": null,
        "is_referral": false,
        "banner_enabled": true,
        "locale": "ru",
        "was_indexed": false,
        "qr_hidden": false,
        "historical_status_id": 1,
        "count_filled_fields": 1,
        "parent_tree_id": null,
        "custom_birthday_at": null,
        "custom_died_at": null,
        "main_image": null,
        "start": {
            "day": "06",
            "month": "01",
            "year": 1993
        },
        "end": {
            "day": "01",
            "month": "02",
            "year": 2020
        },
        "lastName": "Иванович Нестеренко",
        "firstName": "Василий",
        "link": "https:\/\/mc.dev.rand.agency\/page\/48856577",
        "free_access": true,
        "full_name": " Василий Иванович Нестере\u043dко ",
        "burial_place": false,
        "page_type_name": "pageType.short",
        "count_fields": 3,
        "media": []
    }
]
